id,row
3,1
4,2
5,3
6,4
7,5
8,6
9,7
10,8
11,9
12,10
13,11
14,12
15,13
16,14
17,15
19,16
20,17
21,18
22,19
23,20
24,21
25,22
26,23
27,24
29,25
30,26
31,27
32,28
33,29
35,30
36,31
37,32
39,33
40,34
41,35
42,36
43,37
44,38
46,39
47,40
48,41
49,42
50,43
51,44
52,45
53,46
54,47
55,48
56,49
57,50
58,51
59,52
60,53
61,54
63,55
64,56
65,57
66,58
67,59
68,60
69,61
70,62
71,63
72,64
73,65
74,66
75,67
76,68
77,69
78,70
79,71
80,72
81,73
82,74
84,75
85,76
86,77
87,78
89,79
90,80
91,81
92,82
93,83
94,84
95,85
96,86
97,87
98,88
99,89
100,90
101,91
102,92
103,93
104,94
105,95
106,96
107,97
108,98
109,99
110,100
111,101
112,102
113,103
114,104
115,105
116,106
117,107
118,108
119,109
120,110
121,111
122,112
124,113
125,114
126,115
128,116
129,117
130,118
131,119
133,120
135,121
136,122
137,123
138,124
139,125
140,126
141,127
142,128
143,129
144,130
145,131
146,132
149,133
150,134
151,135
152,136
156,137
157,138
159,139
160,140
161,141
162,142
163,143
167,144
169,145
170,146
171,147
173,148
174,149
175,150
176,151
177,152
178,153
179,154
180,155
181,156
182,157
183,158
184,159
185,160
186,161
187,162
188,163
189,164
190,165
191,166
192,167
193,168
194,169
195,170
196,171
197,172
199,173
200,174
201,175
202,176
203,177
204,178
205,179
206,180
208,181
210,182
211,183
212,184
213,185
214,186
215,187
216,188
217,189
218,190
219,191
221,192
222,193
224,194
225,195
226,196
227,197
228,198
232,199
233,200
234,201
235,202
236,203
239,204
255,205
258,206
259,207
260,208
271,209
272,210
273,211
279,212
280,213
282,214
296,215
318,216
319,217
327,218
328,219
329,220
330,221
331,222
332,223
333,224
334,225
335,226
336,227
337,228
338,229
339,230
340,231
341,232
342,233
343,234
344,235
345,236
346,237
347,238
348,239
349,240
350,241
351,242
352,243
353,244
354,245
355,246
356,247
357,248
358,249
359,250
360,251
361,252
362,253
363,254
364,255
365,256
366,257
367,258
368,259
369,260
370,261
371,262
372,263
373,264
374,265
376,266
377,267
378,268
379,269
380,270
381,271
384,272
385,273
386,274
387,275
389,276
390,277
391,278
392,279
393,280
394,281
395,282
396,283
397,284
398,285
399,286
400,287
401,288
402,289
403,290
404,291
405,292
406,293
407,294
408,295
409,296
410,297
412,298
413,299
414,300
415,301
416,302
417,303
419,304
420,305
421,306
422,307
423,308
424,309
425,310
426,311
427,312
428,313
430,314
431,315
432,316
433,317
434,318
435,319
436,320
437,321
440,322
441,323
442,324
443,325
445,326
446,327
447,328
448,329
452,330
454,331
455,332
456,333
458,334
459,335
460,336
461,337
462,338
463,339
464,340
465,341
466,342
467,343
468,344
469,345
470,346
471,347
472,348
473,349
474,350
475,351
477,352
478,353
479,354
480,355
481,356
482,357
483,358
484,359
485,360
486,361
487,362
488,363
489,364
490,365
491,366
492,367
493,368
494,369
495,370
502,371
503,372
504,373
505,374
506,375
507,376
508,377
509,378
510,379
511,380
512,381
513,382
514,383
515,384
516,385
517,386
518,387
519,388
520,389
521,390
522,391
523,392
524,393
525,394
526,395
527,396
528,397
529,398
530,399
531,400
532,401
533,402
534,403
535,404
536,405
538,406
539,407
540,408
541,409
542,410
543,411
544,412
545,413
546,414
547,415
548,416
549,417
550,418
553,419
554,420
555,421
556,422
557,423
558,424
559,425
560,426
561,427
562,428
563,429
564,430
565,431
566,432
567,433
568,434
569,435
570,436
571,437
572,438
573,439
574,440
575,441
576,442
577,443
578,444
582,445
583,446
584,447
585,448
586,449
